country,geoID_2,geoID_3,Land_Area_sqkm,Population,HealthExp,GDPpc,Annual CO2 emissions (in tonnes)
San_Marino,SM,SMR,60,34178,7.14421701,48482.57805,#N/A
Liechtenstein,LI,LIE,160,38482,#N/A,#N/A,149026
Marshall_Islands,MH,MHL,180,44728,17.55299377,3663.568041,146560
Saint_Kitts_and_Nevis,KN,KNA,260,47712,5.31148005,18687.66805,252815.98
Maldives,MV,MDV,300,504508,9.41152477,10344.09324,1952912
Malta,MT,MLT,320,504062,8.96454525,30715.56687,1649193
Grenada,GD,GRD,340,122724,4.46386862,10630.52753,329760
Saint_Vincent_and_the_Grenadines,VC,VCT,390,104924,4.47178459,7362.980841,227168
Barbados,BB,BRB,430,280180,6.56259155,17745.19347,1177096
Antigua_and_Barbuda,AG,ATG,440,92117,5.23155928,16728.71176,498304
Seychelles,SC,SYC,460,97625,5.11036491,16301.75124,593568
Andorra,AD,AND,470,76343,6.71033096,42051.59526,479984
Saint_Lucia,LC,LCA,610,178583,4.39812708,10566.0697,516623.97
Micronesia_(Federated_States_of),FM,FSM,700,111379,12.59075356,3302.556818,146560
Singapore,SG,SGP,709,5703569,4.46444654,63247.21524,29916560
Dominica,DM,DMA,750,71428,6.59153605,7446.189645,168544
Bahrain,BH,BHR,778,1494188,4.13356352,24051.37955,37813684
Sao_Tome_and_Principe,ST,STP,960,214599,6.26645994,2001.136271,131904
Comoros,KM,COM,1860,790986,4.58884811,1421.440674,311440
Mauritius,MU,MUS,2030,1265711,5.82624388,11213.8669,4521376
Luxembourg,LU,LUX,2430,620001,5.28587103,117806.2145,9751728
Cape_Verde,CV,CPV,4030,577030,5.35998297,3635.4009,611888
Trinidad_and_Tobago,TT,TTO,5130,1519955,6.93182945,16206.74283,40768204
Brunei_Darussalam,BN,BRN,5270,438048,#N/A,#N/A,10487509
Palestine,PS,PSE,6020,4685306,#N/A,#N/A,3265395
Cyprus,CY,CYP,9240,1228836,6.76976299,28869.64771,7343176
Bahamas,BS,BHS,10000,404557,6.24896193,32219.41878,2535488
Gambia,GM,GMB,10100,2508883,3.09379649,716.1243531,600896
Lebanon,LB,LBN,10200,5781907,8.35297012,8218.247953,26400286
Jamaica,JM,JAM,10800,2813773,6.06135607,5295.453913,7823415
Qatar,QA,QAT,11600,2807235,2.49480486,68793.56013,101152290
Vanuatu,VU,VUT,12200,304404,3.37372637,3123.892405,161216
Montenegro,ME,MNE,13500,622028,8.4230423,8684.293203,2476864
Eswatini,SZ,SWZ,17200,1169613,6.54034519,4145.653556,1121184
Kuwait,KW,KWT,17800,4441100,4.99920797,34229.89047,104360610
Fiji,FJ,FJI,18300,918465,3.42366552,6266.786013,1359201
Slovenia,SI,SVN,20100,2088385,8.29891014,26142.93823,14048142
El_Salvador,SV,SLV,20700,6280217,7.10940361,4058.251175,7422948
Israel,IL,ISR,21600,9054000,7.51703548,44214.91174,58645204
Belize,BZ,BLZ,22800,389095,5.69105911,5025.1781,707152
Djibouti,DJ,DJI,23200,1073994,2.32438445,3048.589483,392603
Rwanda,RW,RWA,24700,12835028,7.54268694,773.0470998,1812053
North_Macedonia,MK,MKD,25200,2076694,6.58288956,6062.643006,7994848
Burundi,BI,BDI,25700,11874838,7.74165535,310.3402492,717894
Albania,AL,ALB,27400,2854191,5.26271439,5223.808239,4947485
Haiti,HT,HTI,27600,11160438,7.69460344,834.9471764,3052705
Solomon_Islands,SB,SLB,28000,674993,4.47443104,2122.365549,293120
Equatorial_Guinea,GQ,GNQ,28100,1553031,2.99830961,10482.53294,4637976
Guinea_Bissau,GW,GNB,28100,1970457,6.99553871,761.83659,322432
Armenia,AM,ARM,28500,2820602,10.02538967,4212.132551,6284110
Belgium,BE,BEL,30300,11488980,10.31865311,47609.90172,99432616
Lesotho,LS,LSO,30400,2225702,9.28354836,1344.202325,2388928
Moldova,MD,MDA,32900,2664224,6.59544849,3229.050986,5490665
Netherlands,NL,NLD,33700,17344874,9.97458649,53200.5477,153032800
Bhutan,BT,BTN,38100,767459,3.0574255,3360.295296,1447063
Switzerland,CH,CHE,39500,8575280,11.87620926,83112.925,36733064
Denmark,DK,DNK,42000,5814422,10.0707159,61731.14666,30955444
Estonia,EE,EST,43500,1326898,6.6878767,23220.6534,12380190
Slovakia,SK,SVK,48100,5454147,6.68639565,19441.14008,33776188
Dominican_Republic,DO,DOM,48300,10881882,5.73298407,8050.650226,28357636
Costa_Rica,CR,CRI,51100,5084532,7.56336021,12027.36598,8053606
Bosnia_and_Herzegovina,BA,BIH,51200,3360711,2.41291642,31627.81988,20810378
Togo,TG,TGO,54400,8243094,6.16532087,678.5822478,2205025
Croatia,HR,HRV,56000,4065253,6.82702351,14855.99614,17857446
Latvia,LV,LVA,62200,1913822,6.18923044,17796.92159,7648673
Lithuania,LT,LTU,62600,2794137,6.56775236,19021.036,13923306
Sri_Lanka,LK,LKA,62700,21803000,3.75841475,4189.687941,22220114
Ireland,IE,IRL,68900,4934340,6.92870378,79222.18532,37325664
Georgia,GE,GEO,69500,3720161,7.11329746,4396.651824,10920173
United_Arab_Emirates,AE,ARE,71000,9211657,4.22590351,43004.94982,208495710
Sierra_Leone,SL,SLE,72200,8046828,16.06307983,533.9914543,1190800
Panama,PA,PAN,74300,4232532,7.26584625,15575.06352,13419543
Czechia,CZ,CZE,77200,10671870,7.64651203,23090.1165,101012960
Austria,AT,AUT,82500,8879920,10.32559872,51584.77781,67936184
Azerbaijan,AZ,AZE,82700,10024283,3.51373243,4717.702227,37737892
Serbia,RS,SRB,87500,6945235,8.53899002,7226.6934,44344496
Jordan,JO,JOR,88800,10698683,7.79041338,4237.796235,26328034
Hungary,HU,HUN,90500,9771141,6.70007229,16146.13647,49234644
Portugal,PT,PRT,91600,10286263,9.40783501,23546.04854,47618828
Malawi,MW,MWI,94300,18867337,9.33423615,380.3012564,1592955
Liberia,LR,LBR,96300,4985289,6.73955679,674.0025312,1106372
South_Korea,KR,KOR,97500,51764822,7.56259203,33623.63623,646102200
Iceland,IS,ISL,100000,360563,8.46930885,77112.92848,3546263
Eritrea,ER,ERI,101000,3498818,4.09255791,581.202019,855496
Cuba,CU,CUB,104000,11316697,11.18745422,8821.822004,22842232
Guatemala,GT,GTM,107000,16604026,5.70716429,4549.021975,19761452
Bulgaria,BG,BGR,109000,6975761,7.34667873,9390.71221,42255764
Honduras,HN,HND,112000,9958829,7.04958153,2500.109818,11232139
Benin,BJ,BEN,113000,12290444,2.49141979,1241.824378,7144053
Nicaragua,NI,NIC,120000,6663924,8.56453705,2028.90263,5219314
Greece,GR,GRC,129000,10721582,7.71544075,20308.62401,65756230
Bangladesh,BD,BGD,130000,165516222,2.3428061,1788.840079,91657420
Tajikistan,TJ,TJK,139000,9337003,7.2394805,826.6217122,9832171
Nepal,NP,NPL,143000,28832496,5.84083414,990.3818718,13428330
Tunisia,TN,TUN,155000,12049314,7.29209566,3449.581006,29704398
Suriname,SR,SUR,156000,600301,7.96947193,5949.284754,2682870
Uruguay,UY,URY,175000,3428409,9.20269966,17278.06205,6489942
Cambodia,KH,KHM,177000,16207746,6.02654314,1502.62403,18024642
Syria,SY,SYR,184000,20098251,#N/A,#N/A,27478970
Kyrgyzstan,KG,KGZ,192000,6456200,6.53458309,1312.036023,9030280
Senegal,SN,SEN,193000,16000781,3.97799659,1480.735544,12761457
Guyana,GY,GUY,197000,798753,5.93609333,4978.996384,2730134
Uganda,UG,UGA,201000,42949080,6.52623558,660.991775,6011812
Belarus,BY,BLR,203000,9419758,5.64426613,6311.72805,62039492
Ghana,GH,GHA,228000,31522290,3.53888083,2201.583937,18706476
Romania,RO,ROU,230000,19371648,5.55660582,12368.24045,77030616
Laos,LA,LAO,231000,7212053,2.24630332,2542.486428,19596154
United_Kingdom,GB,GBR,242000,66836327,9.99696255,43167.38808,364753280
Guinea,GN,GIN,246000,12877539,3.93172431,974.5760608,4433863
Ecuador,EC,ECU,248000,17343740,8.13646507,6344.868212,40264468
Gabon,GA,GAB,258000,2242785,2.74503946,7955.026358,5735253
New_Zealand,NZ,NZL,263000,4979200,9.21034622,43836.16264,37121030
Burkina_Faso,BF,BFA,274000,20951639,5.62852383,715.0978506,5296330
Italy,IT,ITA,294000,59729081,8.66763401,34484.56471,339233200
Philippines,PH,PHL,298000,110380804,4.40060663,3102.726941,145231740
Finland,FI,FIN,304000,5521606,9.037323,49966.98028,42381840
Poland,PL,POL,306000,37965475,6.33085012,15459.78294,318487680
Oman,OM,OMN,310000,4602768,4.13171434,16415.24512,72177170
Vietnam,VN,VNM,310000,95776716,5.91789675,2563.176009,341004930
Cote_dIvoire,CI,CIV,318000,26147551,4.19003773,1715.531229,10535084
Malaysia,MY,MYS,329000,32804020,3.7562995,11373.34751,269155700
Congo,CG,COG,342000,5570733,2.13848233,2222.031615,7341473
Germany,DE,DEU,349000,83092962,11.42995071,47875.99241,707149950
Japan,JP,JPN,365000,126633000,10.95338821,38952.2111,1106015500
Norway,NO,NOR,365000,5347896,10.0493927,81985.99926,42784000
Zimbabwe,ZW,ZWE,387000,15354608,4.73433113,2963.888555,11114607
Paraguay,PY,PRY,397000,6530026,6.65451145,6016.861186,8244362
Sweden,SE,SWE,407000,10278887,10.8985014,54885.58404,40982492
Uzbekistan,UZ,UZB,425000,33580350,5.29149055,1554.746481,118797940
Iraq,IQ,IRQ,434000,41563520,4.1062417,5830.466668,187148430
Morocco,MA,MAR,446000,36304408,5.31261539,3289.939672,68607540
Papua_New_Guinea,PG,PNG,453000,9542486,2.36706114,2693.968627,7879458
Cameroon,CM,CMR,473000,25782341,3.52989626,1533.742646,9504862
Spain,ES,ESP,500000,47134837,8.97741413,30480.08179,251825150
Thailand,TH,THA,511000,71307763,3.79303908,7274.285077,290239230
Yemen,YE,YEM,528000,31546691,#N/A,#N/A,12683843
France,FR,FRA,548000,67388001,11.25789452,41660.29559,316386780
Botswana,BW,BWA,567000,2499702,5.84825039,8258.248398,6782064
Kenya,KE,KEN,569000,50951450,5.16729498,1710.474694,19177196
Ukraine,UA,UKR,579000,44386203,7.72391653,2956.920696,222056700
Madagascar,MG,MDG,582000,27533134,4.78956461,460.370791,4298984
Central_African_Republic,CF,CAF,623000,5209324,10.99253082,488.1875097,227168
Somalia,SO,SOM,627000,15981300,#N/A,#N/A,637536
Afghanistan,AF,AFG,653000,37769499,9.39572716,530.4816203,11081621
Myanmar,MM,MMR,653000,53040212,4.79125547,1235.710796,34609116
Zambia,ZM,ZMB,743000,18380477,4.93484306,1539.902809,7747163
Chile,CL,CHL,744000,19039485,9.14051342,15924.79424,91961940
Turkey,TR,TUR,770000,83481684,4.12414074,9453.255138,401719740
Pakistan,PK,PAK,771000,223293280,3.20193386,1338.976152,206061230
Mozambique,MZ,MOZ,786000,30285595,8.17430115,492.5670768,7146829
Namibia,NA,NAM,823000,2446644,7.95077181,5930.061916,4107047
Venezuela,VE,VEN,882000,28971683,3.56269026,7212.158554,89111144
United_Republic_of_Tanzania,TZ,TZA,886000,59872579,3.62868047,1014.771498,13043474
Nigeria,NG,NGA,911000,203304492,3.88990784,2153.097609,127304180
Egypt,EG,EGY,995000,105618671,4.947577,2537.512252,256140160
Ethiopia,ET,ETH,1000000,114120594,3.29555655,735.114624,18297764
Mauritania,MR,MRT,1030000,4383849,4.58039093,1189.630504,3773920
Bolivia,BO,BOL,1080000,11777315,6.30102587,3548.594652,23239274
Colombia,CO,COL,1110000,50187406,7.63980007,6716.912748,96438170
South_Africa,ZA,ZAF,1210000,58087055,8.25342083,6372.592985,466924160
Mali,ML,MLI,1220000,20567424,3.8849268,899.6735639,3853637
Angola,AO,AGO,1250000,32353588,2.54900527,3437.292488,21818020
Chad,TD,TCD,1260000,16126866,4.09880257,713.3428246,1922280
Niger,NE,NER,1270000,23443393,7.33380175,413.9542293,2468624
Peru,PE,PER,1280000,32824861,5.23800182,7046.169557,57679876
Mongolia,MN,MNG,1550000,3232430,3.78789377,4094.4566,47254524
Iran,IR,IRN,1630000,86564202,8.66168594,5591.135449,702958140
Libya,LY,LBY,1760000,6569088,#N/A,#N/A,69243500
Indonesia,ID,IDN,1810000,269582878,2.87053037,3890.497733,659435700
Mexico,MX,MEX,1940000,125085311,5.37147474,9673.422569,472191500
Saudi_Arabia,SA,SAU,2150000,35827362,6.3615365,23337.0272,656481500
Democratic_Republic_of_the_Congo,CD,COD,2270000,89906890,3.30075741,560.8073416,2605474
Algeria,DZ,DZA,2380000,42705368,6.2184267,4114.697215,179504830
Kazakhstan,KZ,KAZ,2700000,18513673,2.92212725,9440.198613,297569470
Argentina,AR,ARG,2740000,44938712,9.62454033,11719.0754,178511620
India,IN,IND,2970000,1383112050,3.544245,2055.008419,2626459400
Australia,AU,AUS,7690000,25340217,9.28459835,58433.76702,416356600
Brazil,BR,BRA,8360000,211782878,9.51438713,8916.905036,475104580
Canada,CA,CAN,9090000,37601230,10.79046917,46289.94075,584714200
United_States_of_America,US,USA,9150000,328329953,16.88529778,62917.74617,5259144000
China,CN,CHN,9390000,1407745000,5.35107994,9363.705242,10740996000
Russia,RU,RUS,16400000,144406261,5.31590033,11456.36823,1692363400
Monaco,MC,MCO,#N/A,37034,1.59738493,185835.0157,#N/A
